#set( $symbol_pound = '#' )
#set( $symbol_dollar = '$' )
#set( $symbol_escape = '\' )
<?xml version="1.0" encoding="UTF-8"?>
<mule xmlns:ee="http://www.mulesoft.org/schema/mule/ee/core"
	xmlns:doc="http://www.mulesoft.org/schema/mule/documentation"
	xmlns="http://www.mulesoft.org/schema/mule/core"
	xmlns:apikit="http://www.mulesoft.org/schema/mule/mule-apikit"
	xmlns:http="http://www.mulesoft.org/schema/mule/http"
	xmlns:spring="http://www.springframework.org/schema/beans"
	xmlns:xsi="http://www.w3.org/2001/XMLSchema-instance"	
	xsi:schemaLocation="http://www.mulesoft.org/schema/mule/core http://www.mulesoft.org/schema/mule/core/current/mule.xsd
	http://www.mulesoft.org/schema/mule/http http://www.mulesoft.org/schema/mule/http/current/mule-http.xsd
	http://www.mulesoft.org/schema/mule/mule-apikit http://www.mulesoft.org/schema/mule/mule-apikit/current/mule-apikit.xsd
	http://www.springframework.org/schema/beans http://www.springframework.org/schema/beans/spring-beans-3.1.xsd ">

	<flow name="api-main">
		<http:listener config-ref="httpListenerConfig"
			path="${symbol_dollar}{api.basePath}">
			<http:response statusCode="${symbol_pound}[vars.httpStatus default 200]">
			</http:response>
			<http:error-response statusCode="${symbol_pound}[vars.httpStatus default 500]">
				<http:body><![CDATA[${symbol_pound}[payload]]]></http:body>
			</http:error-response>
		</http:listener>
		<apikit:router config-ref="api-config" />
		<error-handler ref="api-error-handler" />
	</flow>
	
	<flow name="get:${symbol_escape}:api-config">
		<flow-ref doc:name="loggers-startFlow"  name="loggers-startFlow"/>
		<flow-ref doc:name="health-check" name="health-check" />
		<flow-ref doc:name="loggers-endFlow" name="loggers-endFlow"/>
	</flow>
	
</mule>
