#set( $symbol_pound = '#' )
#set( $symbol_dollar = '$' )
#set( $symbol_escape = '\' )
<?xml version="1.0" encoding="UTF-8"?>

<mule xmlns:ee="http://www.mulesoft.org/schema/mule/ee/core"
	xmlns="http://www.mulesoft.org/schema/mule/core"
	xmlns:doc="http://www.mulesoft.org/schema/mule/documentation"
	xmlns:xsi="http://www.w3.org/2001/XMLSchema-instance"
	xsi:schemaLocation="
http://www.mulesoft.org/schema/mule/ee/core http://www.mulesoft.org/schema/mule/ee/core/current/mule-ee.xsd
http://www.mulesoft.org/schema/mule/core http://www.mulesoft.org/schema/mule/core/current/mule.xsd">
	
	<sub-flow name="health-check">
        <ee:transform doc:name="Set Healthcheck Message" >
			<ee:message >
				<ee:set-payload ><![CDATA[%dw 2.0
output application/json encoding="UTF-8"
---
{
	timestamp: now()
}]]></ee:set-payload>
			</ee:message>
		</ee:transform>
    </sub-flow>
	
</mule>
