#set( $symbol_pound = '#' )
#set( $symbol_dollar = '$' )
#set( $symbol_escape = '\' )
<?xml version="1.0" encoding="UTF-8"?>
<mule xmlns="http://www.mulesoft.org/schema/mule/core"
xmlns:doc="http://www.mulesoft.org/schema/mule/documentation"
	xmlns:xsi="http://www.w3.org/2001/XMLSchema-instance"
	xsi:schemaLocation="http://www.mulesoft.org/schema/mule/core http://www.mulesoft.org/schema/mule/core/current/mule.xsd">

	<sub-flow name="loggers-startFlow" >
		<logger level="INFO" doc:name="Start Flow Logger"
			message='${symbol_pound}[output application/json ---
{
    app: app.name,
    flow: flow.name,
    timestamp: now(),
    environment: "${symbol_dollar}{mule.env}",
    requestUri: attributes.requestUri,
    correlationId: correlationId,
    message: "Start Flow"
  }]'/>
	</sub-flow>
	
	<sub-flow name="loggers-endFlow" >
		<logger level="INFO" doc:name="End Flow Logger"
			message='${symbol_pound}[output application/json ---
{
    app: app.name,
    flow: flow.name,
    timestamp: now(),
    environment: "${symbol_dollar}{mule.env}",
    correlationId: correlationId,
    message: "End Flow"
  }]'/>
	</sub-flow>
	
	<sub-flow name="loggers-beforeConnector" >
		<logger level="INFO" doc:name="Before Connector Logger"
			message='${symbol_pound}[output application/json ---
{
    app: app.name,
    flow: flow.name,
    timestamp: now(),
    environment: "${symbol_dollar}{mule.env}",
    correlationId: correlationId,
    message: "Before Connector"
  }]'/>
	</sub-flow>
	
	<sub-flow name="loggers-afterConnector" >
		<logger level="INFO" doc:name="After Connector Logger"
			message='${symbol_pound}[output application/json ---
{
    app: app.name,
    flow: flow.name,
    timestamp: now(),
    environment: "${symbol_dollar}{mule.env}",
    correlationId: correlationId,
    message: "After Connector"
  }]'/>
	</sub-flow>
</mule>
