#set( $symbol_pound = '#' )
#set( $symbol_dollar = '$' )
#set( $symbol_escape = '\' )
<?xml version="1.0" encoding="utf-8"?>
<Configuration>

	<!--These are some of the loggers you can enable. 
	    There are several more you can find in the documentation. 
        Besides this log4j configuration, you can also use Java VM environment variables
        to enable other logs like network (-Djavax.net.debug=ssl or all) and 
        Garbage Collector (-XX:+PrintGC). These will be append to the console, so you will 
        see them in the mule_ee.log file. -->

    <Appenders>
        <RollingFile name="file" fileName="${symbol_dollar}{sys:mule.home}${symbol_dollar}{sys:file.separator}logs${symbol_dollar}{sys:file.separator}${artifactId}.log" 
                 filePattern="${symbol_dollar}{sys:mule.home}${symbol_dollar}{sys:file.separator}logs${symbol_dollar}{sys:file.separator}${artifactId}-%i.log">
            <PatternLayout pattern="%d [%t] %-5p %c - %m%n" />
            <SizeBasedTriggeringPolicy size="10 MB" />
            <DefaultRolloverStrategy max="10"/>
        </RollingFile>
    </Appenders>
    <Loggers>
	
		<!-- Signet loggers -->
        <AsyncLogger name="com.signet" level="WARN"/>
		
        <!-- CXF is used heavily by Mule for web services -->
        <AsyncLogger name="org.apache.cxf" level="WARN"/>

        <!-- Apache Commons tend to make a lot of noise which can clutter the log-->
        <AsyncLogger name="org.apache" level="WARN"/>

        <!-- Http Logger shows wire traffic on DEBUG. -->
        <!-- <AsyncLogger name="org.mule.service.http.impl.service.HttpMessageLogger" level="DEBUG" /> -->
		
		<!-- MuleSoft loggers -->
    	<!-- <AsyncLogger name="org.mule.runtime.core.internal.processor.LoggerMessageProcessor" level="DEBUG"/> -->
        <AsyncLogger name="org.mule" level="WARN"/>
        <AsyncLogger name="com.mulesoft" level="WARN"/>
        
        <AsyncRoot level="INFO">
            <AppenderRef ref="file" />
        </AsyncRoot>
    </Loggers>
</Configuration>