<?xml version="1.0" encoding="UTF-8"?>
<mule xmlns="http://www.mulesoft.org/schema/mule/core"      
     xmlns:xsi="http://www.w3.org/2001/XMLSchema-instance"
     xmlns:ee="http://www.mulesoft.org/schema/mule/ee/core" 
     xmlns:http="http://www.mulesoft.org/schema/mule/http"
     xmlns:doc="http://www.mulesoft.org/schema/mule/documentation"
     xmlns:proxy="http://www.mulesoft.org/schema/mule/proxy"     
	 xmlns:http-policy="http://www.mulesoft.org/schema/mule/http-policy"
     xmlns:http-transform="http://www.mulesoft.org/schema/mule/http-policy-transform"
     xsi:schemaLocation="
http://www.mulesoft.org/schema/mule/ee/core http://www.mulesoft.org/schema/mule/ee/core/current/mule-ee.xsd 
http://www.mulesoft.org/schema/mule/http http://www.mulesoft.org/schema/mule/http/current/mule-http.xsd 
			  http://www.mulesoft.org/schema/mule/http 
			  http://www.mulesoft.org/schema/mule/http/current/mule-http.xsd 
			  http://www.mulesoft.org/schema/mule/ee/core 
			  http://www.mulesoft.org/schema/mule/ee/core/current/mule-ee.xsd 
			  http://www.mulesoft.org/schema/mule/core 
		      http://www.mulesoft.org/schema/mule/core/current/mule.xsd
              http://www.mulesoft.org/schema/mule/http
			  http://www.mulesoft.org/schema/mule/http/current/mule-http.xsd
              http://www.mulesoft.org/schema/mule/ee/core 
			  http://www.mulesoft.org/schema/mule/ee/core/current/mule-ee.xsd
			  http://www.mulesoft.org/schema/mule/http-policy
			  http://www.mulesoft.org/schema/mule/http-policy/current/mule-http-policy.xsd
              http://www.mulesoft.org/schema/mule/http-policy-transform
			  http://www.mulesoft.org/schema/mule/http-policy-transform/current/mule-http-policy-transform.xsd
			  http://www.mulesoft.org/schema/mule/proxy http://www.mulesoft.org/schema/mule/proxy/current/mule-proxy.xsd
			  
			  http://www.mulesoft.org/schema/mule/core/current/mule-core-common.xsd">
   
    <http:request-config name="HTTP_Request_configuration" doc:name="HTTP Request configuration" doc:id="53f19b51-f583-47ca-b759-38f803e94632" >
		<http:request-connection host="test2web.services.toyotafinancial.com" protocol="HTTPS">
		</http:request-connection>
	</http:request-config>
    

   <http-policy:proxy name="{{{policyId}}}-custom-policy">
       <http-policy:source>
         <try>  
		   

		  			<set-variable value="#[attributes.headers.cookie]" doc:name="Set Variable" doc:id="5b1b964f-70bd-4e86-b91c-32de60e6db5c" variableName="PostmnanCookie"/>		  			
		  			<set-variable value="{{Authorization}}" doc:name="Set Variable" doc:id="a8b10e3b-764f-480e-a749-1f34ac532400" variableName="PostmnanAuthorization"/>
		  			
		  			<logger level="INFO" doc:name="Logger" doc:id="91a5926a-949c-481c-ba5d-b3febd8146ce" message="#[Cookievalue : vars.PostmnanCookie]"/>
		  			<logger level="INFO" doc:name="Logger" doc:id="2c3ff029-9f9e-41ad-b392-db9a0f86fcb1" message="#[Authorizationvalue : vars.PostmnanAuthorization]"/>
		  	      		
	
            <http:request method="GET" doc:name="Request" doc:id="95239cce-b591-4045-80ea-dcf96c7805d8" config-ref="HTTP_Request_configuration" path="/EIP/APIs/smService/v1/validate">
         <http:headers ><![CDATA[#[output application/java
---
{
	"cookie" : vars.PostmnanCookie,
	"Authorization" : vars.PostmnanAuthorization
}]]]></http:headers>
		 <http:response-validator>
                <http:success-status-code-validator values="500"/>
            </http:response-validator>   
		</http:request>

           <logger level="INFO" doc:name="Logger" doc:id="581e0241-99c1-4c32-97a9-119177d4d19f" message="After calling Axway url and its attributes : #[attributes]"/>
           <logger level="INFO" doc:name="Logger" doc:id="6260ad13-c6e6-4b6d-a2fd-2c9adbd5bcc1" message="StatusCode : #[attributes.statusCode]"/>

            <error-handler>            
          
              <on-error-propagate enableNotifications="true" logException="false" doc:name="On Error Propagate" doc:id="d0b77598-b1db-4b90-bf6b-9d817212ab7e" type="HTTP:INTERNAL_SERVER_ERROR">                 
		<ee:transform doc:name="Transform Message" doc:id="64791b45-59e2-49c8-ab4a-7e5b3366a8c8" >
					<ee:message >
						<ee:set-payload ><![CDATA[%dw 2.0
output application/json
---
{
	status : "failed",
	Message : "PolicyFailed"
}]]></ee:set-payload>
					</ee:message>
				</ee:transform>
		</on-error-propagate>   
		
         </error-handler>
            </try>  
            <http-policy:execute-next/>
       </http-policy:source>
   </http-policy:proxy>
</mule>