<?xml version="1.0" encoding="UTF-8"?>
<policy xmlns="http://www.mulesoft.org/schema/mule/policy"
        xmlns:xsi="http://www.w3.org/2001/XMLSchema-instance"
        xmlns:spring="http://www.springframework.org/schema/beans"
        xmlns:mule="http://www.mulesoft.org/schema/mule/core"
        xmlns:scripting="http://www.mulesoft.org/schema/mule/scripting"
        xmlns:ss="http://www.springframework.org/schema/security"
        xmlns:api-platform-gw="http://www.mulesoft.org/schema/mule/api-platform-gw"
        xsi:schemaLocation="http://www.mulesoft.org/schema/mule/policy http://www.mulesoft.org/schema/mule/policy/current/mule-policy.xsd
              http://www.springframework.org/schema/beans http://www.springframework.org/schema/beans/spring-beans-current.xsd
              http://www.mulesoft.org/schema/mule/scripting http://www.mulesoft.org/schema/mule/scripting/current/mule-scripting.xsd
              http://www.mulesoft.org/schema/mule/spring-security http://www.mulesoft.org/schema/mule/spring-security/current/mule-spring-security.xsd
              http://www.mulesoft.org/schema/mule/api-platform-gw http://www.mulesoft.org/schema/mule/api-platform-gw/current/mule-api-platform-gw.xsd
              http://www.mulesoft.org/schema/mule/core http://www.mulesoft.org/schema/mule/core/current/mule.xsd">
   
    <pointcut>
		<!-- 	See https://docs.mulesoft.com/api-manager/custom-policy-reference for more info -->
        <api-platform-gw:api-pointcut apiName="{{ apiName }}" apiVersion="{{ apiVersionName }}"/>
        <resource uriTemplateRegex="{{ resourceRegex }}" />
    </pointcut>
    

	<mule:processor-chain name="build-response-no-credentials">
		<mule:set-property propertyName="http.status" value="401"/>
        <mule:set-property propertyName="Content-Type" value="application/json"/>
        <mule:set-payload value='{"error": "invalid_client", "description": "Either client_id or client_secret are missing"}' />
    </mule:processor-chain>
    
    <mule:processor-chain name="build-response-wrong-credentials">
    	<mule:set-property propertyName="http.status" value="401"/>
        <mule:set-property propertyName="Content-Type" value="application/json"/>
        <mule:set-payload value='{"error": "invalid_client", "description": "Client credentials are incorrect"}' />
    </mule:processor-chain>

    <before>
    
      <mule:message-filter onUnaccepted="build-response-no-credentials">
      	<mule:and-filter>
      		<mule:expression-filter expression="#[message.inboundProperties.authorization != null]"/>
      		<mule:expression-filter expression="#[message.inboundProperties.authorization.startsWith('Basic ')]"/>
      	</mule:and-filter>
      </mule:message-filter>
      
      <scripting:component>
          <scripting:script engine="groovy"><![CDATA[
              authorization = message.getInboundProperty("authorization");     
              authorization = authorization.substring(6);     
              decoded = authorization.decodeBase64();
              token = new String(decoded);
              delim = token.indexOf(":");

              if (delim != -1){
                  username = token.substring(0, delim);
                  password = token.substring(delim + 1); 
              }
              message.setInvocationProperty("client_id", username);
              message.setInvocationProperty("client_secret", password);]]>
          </scripting:script>
      </scripting:component>
      
      <mule:message-filter onUnaccepted="build-response-no-credentials">
            <mule:expression-filter expression='#[(flowVars.client_id != empty) &amp;&amp; (flowVars.client_secret != empty)]'/>
      </mule:message-filter>
      
      <api-platform-gw:validate-client clientId='#[flowVars.client_id]'
                                       clientSecret='#[flowVars.client_secret]'
                                       onUnaccepted="build-response-wrong-credentials"/>
    </before>

</policy>