<?xml version="1.0" encoding="UTF-8"?>
<mule xmlns="http://www.mulesoft.org/schema/mule/core"
     xmlns:xsi="http://www.w3.org/2001/XMLSchema-instance"
     xmlns:ee="http://www.mulesoft.org/schema/mule/ee/core" 
     xmlns:http="http://www.mulesoft.org/schema/mule/http"
     xmlns:doc="http://www.mulesoft.org/schema/mule/documentation"
     xmlns:proxy="http://www.mulesoft.org/schema/mule/proxy"
     xmlns:http-policy="http://www.mulesoft.org/schema/mule/http-policy"
     xmlns:http-transform="http://www.mulesoft.org/schema/mule/http-policy-transform"
     xsi:schemaLocation="http://www.mulesoft.org/schema/mule/http http://www.mulesoft.org/schema/mule/http/current/mule-http.xsd 
		http://www.mulesoft.org/schema/mule/ee/core http://www.mulesoft.org/schema/mule/ee/core/current/mule-ee.xsd 
		http://www.mulesoft.org/schema/mule/core http://www.mulesoft.org/schema/mule/core/current/mule.xsd
        http://www.mulesoft.org/schema/mule/http http://www.mulesoft.org/schema/mule/http/current/mule-http.xsd
		http://www.mulesoft.org/schema/mule/http-policy http://www.mulesoft.org/schema/mule/http-policy/current/mule-http-policy.xsd
		http://www.mulesoft.org/schema/mule/http-policy-transform http://www.mulesoft.org/schema/mule/http-policy-transform/current/mule-http-policy-transform.xsd
		http://www.mulesoft.org/schema/mule/proxy http://www.mulesoft.org/schema/mule/proxy/current/mule-proxy.xsd
		http://www.mulesoft.org/schema/mule/core/current/mule-core-common.xsd">

  <http-policy:proxy name="{{{policyId}}}-custom-policy">
  	<http-policy:source>
    	<try>  
			<logger level="INFO" doc:name="Logger" doc:id="8b706617-ac25-4b7c-8705-2c5ffc588324" message="*** Proxy message received policy-{{policyId}}: #[correlationId]"/>
			<set-variable value="#[if (sizeOf(payload.^raw) &gt; 0) sizeOf(payload) else 0]" doc:name="Set Variable" doc:id="85f0f0bb-6b1a-4270-8d8d-78f2a2e3d11a" variableName="payloadSize"/>
			<choice doc:name="Choice" doc:id="484ab4ee-ed67-4019-86fd-a3e22099c9b0" >
				<when expression="#['{{LoggingLevel}}' == 'VERBOSE']">
		        	<logger level="INFO" doc:name="Logger" doc:id="c8f9d106-c965-451f-80d0-cdead58116ca" message="Msg: #[message]"/>
				</when>
				<when expression="#['{{LoggingLevel}}' == 'DEBUG']">
		        	<logger level="INFO" doc:name="Logger" doc:id="388f2389-cba3-4b6a-a518-a2e54c8fd138" message="Msg: #[message]"/>
		        	<logger level="DEBUG" doc:name="Logger" doc:id="f231f79d-ffae-45f4-9f8c-129a4c352bf3" message="Payload: #[payload]"/>
				</when>
			</choice>

		   	<set-variable value="#[attributes.headers.correlationId]" doc:name="Set Variable" doc:id="e809cdda-a037-4f62-ad28-db22a0c9efc9" variableName="correlationId"/>
			<choice doc:name="Choice" doc:id="080875ea-25db-4409-9761-1e75a7e77886" >
				<when expression="#[vars.correlationId != null]">
					<logger level="INFO" doc:name="Logger" doc:id="d328b9cd-84fc-4e8e-8b90-6437e55c68c0" message="CorrelationId: #[vars.correlationId]"/>
				</when>
			</choice>
		   
			<choice doc:name="Choice" doc:id="cdf79781-266c-41da-a054-bfa4c1f8993c" >
				<when expression="#['{{PayloadQuery}}' != '' and vars.payloadSize > 0 ]">
				   	<set-variable value="#[{{PayloadQuery}}]" doc:name="Set Variable" doc:id="d87b03f5-5765-4bee-87bf-48f80be4c911" variableName="payldQry"/>
					<logger level="INFO" doc:name="Logger" doc:id="342963b5-ec03-4f69-adf3-ae03e9ef94b0" message="Query results: #[vars.payldQry]"/>
				</when>
			</choice>
	    </try>  

		<http-policy:execute-next/>

		<try>
			<choice doc:name="Choice" doc:id="cf5e91de-03fc-40bd-9258-70d8d671592d" >
				<when expression="#['{{LoggingLevel}}'== 'VERBOSE']">
		        	<logger level="INFO" doc:name="Logger" doc:id="9a0470e2-3df1-4f79-ac31-c7cbc1ef1efd" message="RespMsg: #[message]"/>
				</when>
				<when expression="#['{{LoggingLevel}}' == 'DEBUG']">
        			<logger level="INFO" doc:name="Logger" doc:id="c3d6432d-e20d-4630-97bd-a33b2d33390b" message="RespMsg: #[message]"/>
		        	<logger level="DEBUG" doc:name="Logger" doc:id="3898e897-b9bc-41d4-ad86-ca631d1a247a" message="Response: #[payload]"/>
				</when>
			</choice>
			<logger level="INFO" doc:name="Logger" doc:id="731cca5d-7ccc-44a4-865d-e7d364129bc6" message="*** Proxy complete"/>
		</try>

    </http-policy:source>
  </http-policy:proxy>
</mule>
