<?xml version="1.0" encoding="UTF-8"?>
<mule xmlns="http://www.mulesoft.org/schema/mule/core"
      xmlns:xsi="http://www.w3.org/2001/XMLSchema-instance"
      xmlns:http="http://www.mulesoft.org/schema/mule/http"
	  xmlns:doc="http://www.mulesoft.org/schema/mule/documentation"
      xmlns:http-policy="http://www.mulesoft.org/schema/mule/http-policy"
      xmlns:ee="http://www.mulesoft.org/schema/mule/ee/core"
      xmlns:http-transform="http://www.mulesoft.org/schema/mule/http-policy-transform"
      xsi:schemaLocation="http://www.mulesoft.org/schema/mule/core http://www.mulesoft.org/schema/mule/core/current/mule.xsd
		http://www.mulesoft.org/schema/mule/http http://www.mulesoft.org/schema/mule/http/current/mule-http.xsd
		http://www.mulesoft.org/schema/mule/http-policy http://www.mulesoft.org/schema/mule/http-policy/current/mule-http-policy.xsd
		http://www.mulesoft.org/schema/mule/ee/core http://www.mulesoft.org/schema/mule/ee/core/current/mule-ee.xsd
		http://www.mulesoft.org/schema/mule/http http://www.mulesoft.org/schema/mule/http/current/mule-http.xsd
		http://www.mulesoft.org/schema/mule/java http://www.mulesoft.org/schema/mule/java/current/mule-java.xsd
		http://www.mulesoft.org/schema/mule/db http://www.mulesoft.org/schema/mule/db/current/mule-db.xsd
		http://www.mulesoft.org/schema/mule/tls http://www.mulesoft.org/schema/mule/tls/current/mule-tls.xsd
		http://www.mulesoft.org/schema/mule/http-policy-transform http://www.mulesoft.org/schema/mule/http-policy-transform/current/mule-http-policy-transform.xsd">

       <http:request-config name="IDP_Request_configuration" doc:name="HTTP Request configuration" doc:id="e40cc82d-1474-4822-8bb5-46871fc076ca" basePath="/">
              <http:request-connection protocol="HTTPS" host="#['{{OAuthConnectionHostName}}']" port="#['{{OAuthConnectionPort}}']" >                
              </http:request-connection>
       </http:request-config>
       

    <http-policy:proxy name="{{{policyId}}}-custom-policy">
        <http-policy:source>
           <logger level="INFO" doc:name="Logger" message="*------------------Entering OAuth policy------------------"/>
            <set-variable value="#[payload]" doc:name="Set Variable" variableName="pload"/>
			<set-variable value="#[attributes]" doc:name="Set Variable" doc:id="c028cee4-5983-4ec4-989f-856bbc3daff6" variableName="attrs"/>			
			 <logger level="INFO" doc:name="Logger" message="*======starting Transform request"/>
                     <set-variable value="{{Authorization}}"  variableName="AUTH"/>
             <logger level="INFO"  message="*======AUTH VAR Log: #[vars.AUTH]"/>
                     <set-variable value="{{BasicAuth}}"  variableName="BasicAuth"/>
             <logger level="INFO"  message="*======Token VAR Log: #[vars.BasicAuth]"/>
			
         <choice>
         		<when expression='#[(vars.AUTH)!=""]'>
                     
                   <logger level="INFO" doc:name="Logger" message="*======starting IdP request"/>
                     
<try>
<http:request method="POST" doc:name="Request" doc:id="4c323dc5-0fa6-4449-b946-fc004989d452" config-ref="IDP_Request_configuration" path= "#['{{OAuthConnectionURI}}']">
                     <http:body ><![CDATA[#[%dw 2.0
output application/x-www-form-urlencoded
fun removeBearer(OAuthtoken) = OAuthtoken replace "Bearer " with ""
---

"token":removeBearer(vars.AUTH as String)]]]></http:body>
                     <http:headers ><![CDATA[#[output application/java
---
{
       "Authorization" : vars.BasicAuth,
       "content-type" : "application/x-www-form-urlencoded"
}]]]></http:headers>
<http:response-validator>
            <http:success-status-code-validator values="200"/>
            </http:response-validator>   
              </http:request>              
             <logger level="INFO" doc:name="Logger" message="*======done IdP request"/>
		<error-handler>
			<on-error-continue enableNotifications="true" logException="true" doc:name="On Error Continue">
				<logger level="INFO" doc:name="Logger" message="*======idp error response payload.."/>
				<http-transform:set-response statusCode="400" reasonPhrase="policyReasonPhrase">
				    <http-transform:body>{"error":"Security validation failed!"}</http-transform:body>
				</http-transform:set-response>
			</on-error-continue>
		</error-handler>
</try>


	<try>
			<choice doc:name="Choice" doc:id="a05dc577-8953-40e6-aa20-f21a8598e65a" >
				<when expression="(attributes.statusCode == 200 and payload.active)">

					<set-payload value="#[vars.pload]" doc:name="Set Payload" />
					<ee:transform doc:name="Transform Message" doc:id="1e06c568-ce41-4f0d-bb29-524bbbf47108" >
						<ee:message>
<ee:set-attributes><![CDATA[%dw 2.0
output application/java
---
vars.attrs]]></ee:set-attributes>
						</ee:message>
					</ee:transform>
					
					<logger level="INFO" doc:name="Logger" message="#------starting service request"/>
					<http-policy:execute-next/>
					<logger level="INFO" doc:name="Logger" message="#------done service request"/>
				</when>
				<when expression="attributes.statusCode == 200 and (not payload.active)">
					<http-transform:set-response statusCode="400" reasonPhrase="policyReasonPhrase">
				    	<http-transform:body>{"error":"access token expired!"}</http-transform:body>
					</http-transform:set-response>
				</when>
			</choice>

			<error-handler>
				<on-error-continue enableNotifications="true" logException="true" doc:name="On Error Continue" doc:id="e8446e69-a7d9-4112-96de-86fa21e8b51d" type="HTTP:CONNECTIVITY">
					<ee:transform doc:name="Transform Message" doc:id="ad2c433d-3667-4033-81f1-9f0c79c8cea3" >
						<ee:message>
							<ee:set-payload><![CDATA[%dw 2.0
output application/json
---
{
	message: "HTTP Connection Timeout!"
}]]></ee:set-payload>
						</ee:message>
						<ee:variables>
							<ee:set-variable variableName="httpStatus" ><![CDATA[%dw 2.0
output application/java
---
500]]></ee:set-variable>
						</ee:variables>
					</ee:transform>
				</on-error-continue>
				<on-error-continue enableNotifications="true" logException="true" doc:name="On Error Continue" doc:id="5896314f-749b-422d-8567-563b9130e70d" >
					<logger level="INFO" doc:name="Logger" message="#======service error response payload: #[payload]"/>
					
					<ee:transform doc:name="Transform Message" doc:id="6e4e97db-66c0-42bb-b7ab-a5c46c81248c" >
						<ee:message >
							<ee:set-payload><![CDATA[%dw 2.0
output application/json
---
{
	message:error.description
}]]></ee:set-payload>
						</ee:message>
						<ee:variables>
							<ee:set-variable variableName="httpStatus" ><![CDATA[%dw 2.0
output application/java
---
400]]></ee:set-variable>
						</ee:variables>
					</ee:transform>
				</on-error-continue>
			</error-handler>
		</try>
		
      		</when>
              <otherwise>
                 <logger message="OAuth error: No OAuth token was found." />
                 <http-transform:set-response statusCode="401" reasonPhrase="policyReasonPhrase">
                      <http-transform:body>OAuth error: No OAuth token was found.</http-transform:body>
                 </http-transform:set-response>
              </otherwise>
         </choice>
        	<logger level="INFO" doc:name="Logger" message="*------------------Exiting OAuth policy------------------"/>
        </http-policy:source>
    </http-policy:proxy>
</mule>
