<?xml version="1.0" encoding="UTF-8"?>
<archetype-descriptor xsi:schemaLocation="http://maven.apache.org/plugins/maven-archetype-plugin/archetype-descriptor/1.0.0 http://maven.apache.org/xsd/archetype-descriptor-1.0.0.xsd" name="sample-ch-app"
    xmlns="http://maven.apache.org/plugins/maven-archetype-plugin/archetype-descriptor/1.0.0"
    xmlns:xsi="http://www.w3.org/2001/XMLSchema-instance">
  <fileSets>
    <fileSet filtered="true" encoding="UTF-8">
      <directory>src/main/mule</directory>
      <includes>
        <include>**/*.xml</include>
      </includes>
    </fileSet>
    <fileSet filtered="true" encoding="UTF-8">
      <directory>src/main/resources</directory>
      <includes>
        <include>**/*.xml</include>
        <include>**/*.properties</include>
		<include>**/*.raml</include>
		<include>**/*.yaml</include>
      </includes>
    </fileSet>
    <fileSet encoding="UTF-8">
      <directory>src/main/resources</directory>
      <includes>
        <include>**/*.jks</include>
		<include>**/*.jceks</include>
		<include>**/*.pfx</include>
      </includes>
    </fileSet>
    <fileSet filtered="true" encoding="UTF-8">
      <directory>src/test/resources</directory>
      <includes>
        <include>**/*.xml</include>
      </includes>
    </fileSet>
    <fileSet filtered="true" encoding="UTF-8">
      <directory></directory>
      <includes>
        <include>.project</include>        
		<include>README.md</include>
      </includes>
    </fileSet>
    <fileSet encoding="UTF-8">
      <directory></directory>
      <includes>
        <include>.gitignore</include>
		<include>mule-artifact.json</include>
		<include>.classpath</include>
      </includes>
    </fileSet>
  </fileSets>
</archetype-descriptor>
