<?xml version="1.0" encoding="UTF-8"?>
<mule xmlns:doc="http://www.mulesoft.org/schema/mule/documentation"
	xmlns="http://www.mulesoft.org/schema/mule/core"
	xmlns:apikit="http://www.mulesoft.org/schema/mule/mule-apikit" xmlns:http="http://www.mulesoft.org/schema/mule/http"
	xmlns:xsi="http://www.w3.org/2001/XMLSchema-instance" xsi:schemaLocation="http://www.mulesoft.org/schema/mule/core http://www.mulesoft.org/schema/mule/core/current/mule.xsd http://www.mulesoft.org/schema/mule/http http://www.mulesoft.org/schema/mule/http/current/mule-http.xsd http://www.mulesoft.org/schema/mule/mule-apikit http://www.mulesoft.org/schema/mule/mule-apikit/current/mule-apikit.xsd ">

	<flow name="api-main">
		<http:listener config-ref="api-httpListenerConfig" path="${api.basePath}">
			<http:response statusCode="#[vars.httpStatus default 200]">
			</http:response>
			<http:error-response statusCode="#[vars.httpStatus default 500]">
				<http:body><![CDATA[#[payload]]]></http:body>
			</http:error-response>
		</http:listener>
		<apikit:router config-ref="api-config" />
		<error-handler ref="api-error-handler" />
	</flow>

	<flow name="get:\:api-config">
		<flow-ref doc:name="loggers-startFlow"  name="loggers-startFlow"/>
		<flow-ref doc:name="health-check" doc:id="3238f0e6-d0a1-4c13-be35-8f0b6dd1807c" name="health-check"/>
		<flow-ref doc:name="loggers-endFlow" name="loggers-endFlow"/>
	</flow>
	
	<flow name="get:\orders:api-config">
		<flow-ref doc:name="loggers-startFlow"  name="loggers-startFlow"/>
		<flow-ref doc:name="get-orders" doc:id="53246310-444f-4235-bc0d-d3abe507f3f4" name="get-orders"/>
		<flow-ref doc:name="loggers-endFlow" name="loggers-endFlow"/>
	</flow>
</mule>
