<?xml version="1.0" encoding="UTF-8"?>

<mule xmlns:ee="http://www.mulesoft.org/schema/mule/ee/core" xmlns="http://www.mulesoft.org/schema/mule/core"
	xmlns:doc="http://www.mulesoft.org/schema/mule/documentation"
	xmlns:xsi="http://www.w3.org/2001/XMLSchema-instance"
	xsi:schemaLocation="http://www.mulesoft.org/schema/mule/core http://www.mulesoft.org/schema/mule/core/current/mule.xsd
http://www.mulesoft.org/schema/mule/ee/core http://www.mulesoft.org/schema/mule/ee/core/current/mule-ee.xsd">

	<error-handler name="api-error-handler">
		<on-error-propagate type="APIKIT:BAD_REQUEST">
			<ee:transform >
				<ee:variables>
					<ee:set-variable variableName="error"><![CDATA[%dw 2.0
output application/json encoding="UTF-8"
---
{
	status: "400",
	message: "Bad request",
	details: error.description default ""
}]]></ee:set-variable>
				</ee:variables>
			</ee:transform>
			<flow-ref doc:name="error-handling-format-pattern" name="error-handling-format-pattern" />
		</on-error-propagate>
		<on-error-propagate type="APIKIT:NOT_FOUND">
			<ee:transform >
				<ee:variables>
					<ee:set-variable variableName="error"><![CDATA[%dw 2.0
output application/json encoding="UTF-8"
---
{
	status: "404",
	message: "Resource not found",
	details: error.description default ""
}]]></ee:set-variable>					
				</ee:variables>
			</ee:transform>
			<flow-ref doc:name="error-handling-format-pattern" name="error-handling-format-pattern" />
		</on-error-propagate>
		<on-error-propagate type="APIKIT:METHOD_NOT_ALLOWED">
			<ee:transform >
				<ee:variables>
					<ee:set-variable variableName="error"><![CDATA[%dw 2.0
output application/json encoding="UTF-8"
---
{
	status: "405",
	message: "Method not allowed",
	details: error.description default ""
}]]></ee:set-variable>
				</ee:variables>
			</ee:transform>
			<flow-ref doc:name="error-handling-format-pattern" name="error-handling-format-pattern" />
		</on-error-propagate>
		<on-error-propagate type="APIKIT:NOT_ACCEPTABLE">
			<ee:transform >
				<ee:variables>
					<ee:set-variable variableName="error"><![CDATA[%dw 2.0
output application/json encoding="UTF-8"
---
{
	status: "406",
	message: "Not acceptable",
	details: error.description default ""
}]]></ee:set-variable>
				</ee:variables>
			</ee:transform>
			<flow-ref doc:name="error-handling-format-pattern" name="error-handling-format-pattern" />
		</on-error-propagate>
		<on-error-propagate type="APIKIT:UNSUPPORTED_MEDIA_TYPE">
			<ee:transform >
				<ee:variables>
					<ee:set-variable variableName="error"><![CDATA[%dw 2.0
output application/json encoding="UTF-8"
---
{
	status: "415",
	message: "Unsupported media type",
	details: error.description default ""
}]]></ee:set-variable>
				</ee:variables>
			</ee:transform>
			<flow-ref doc:name="error-handling-format-pattern" name="error-handling-format-pattern" />
		</on-error-propagate>
		<on-error-propagate type="APIKIT:NOT_IMPLEMENTED"
			doc:name="On Error Propagate" enableNotifications="true"
			logException="true">
			<ee:transform >
				<ee:variables>					
					<ee:set-variable variableName="error"><![CDATA[%dw 2.0
output application/json encoding="UTF-8"
---
{
	status: "501",
	message: "Not Implemented",
	details: error.description default ""
}]]></ee:set-variable>
				</ee:variables>
			</ee:transform>
			<flow-ref doc:name="error-handling-format-pattern" name="error-handling-format-pattern" />
		</on-error-propagate>
		
		<on-error-propagate enableNotifications="true" logException="true" doc:name="On Error Propagate" type="EXPRESSION">
			<logger level="ERROR" doc:name="Log Error"
			message='#[output application/json ---
{
   app: app.name,
   flow: flow.name,
   timestamp: now(),
   environment: "${mule.env}",
   correlationId: correlationId,
   message: "Transformation error: " ++ error.description
 }]'/>
			<ee:transform doc:name="Transform Message" >
				<ee:variables >
					<ee:set-variable variableName="error" ><![CDATA[%dw 2.0
output application/json encoding="UTF-8"
---
{
	status: "500",
	message: "Server Error",
	details: "Error with data transformation.  See log for details."
}
]]></ee:set-variable>
				</ee:variables>
			</ee:transform>
			<flow-ref doc:name="error-handling-format-pattern" name="error-handling-format-pattern" />
		</on-error-propagate>
		
		<on-error-propagate enableNotifications="true"
			logException="true" doc:name="On Error Propagate" >
			<ee:transform >
				<ee:variables>
					<ee:set-variable variableName="error"><![CDATA[%dw 2.0
output application/json encoding="UTF-8"
---
{
	status: "500",
	message: "Server Error",
	details: error.description default ""
}
]]></ee:set-variable>
				</ee:variables>
			</ee:transform>
			<flow-ref doc:name="error-handling-format-pattern" name="error-handling-format-pattern" />
		</on-error-propagate>		

	</error-handler>
	
	<sub-flow name="error-handling-format-pattern" >
		<logger level="ERROR" doc:name="Log Error" 
			message='#[output application/json ---
{
   app: app.name,
   flow: flow.name,
   timestamp: now(),
   environment: "${mule.env}",
   correlationId: correlationId
 } ++ vars.error]'/>
		<ee:transform doc:name="Transform Message" >
			<ee:message >
				<ee:set-payload ><![CDATA[%dw 2.0
output application/json  encoding="UTF-8"
---
{
	message: vars.error.message,
	details: vars.error.details
}]]></ee:set-payload>
			</ee:message>
			<ee:variables >
				<ee:set-variable variableName="httpStatus"><![CDATA[vars.error.status]]></ee:set-variable>
			</ee:variables>
		</ee:transform>
	</sub-flow>
</mule>
