<?xml version="1.0" encoding="UTF-8"?>

<mule xmlns="http://www.mulesoft.org/schema/mule/core" xmlns:doc="http://www.mulesoft.org/schema/mule/documentation"
	xmlns:xsi="http://www.w3.org/2001/XMLSchema-instance"
	xsi:schemaLocation="http://www.mulesoft.org/schema/mule/core http://www.mulesoft.org/schema/mule/core/current/mule.xsd">
	<sub-flow name="get-orders" doc:id="a81eee19-2a9d-4c87-a215-ebf887256b75" >
		<logger level="DEBUG" doc:name="Debug Logger"
			message="#[output application/json --- 
{
    app: app.name,
    flow: flow.name,
    timestamp: now(),
    environment: &quot;${mule.env}&quot;,
    correlationId: correlationId,
    message: &quot;Getting $(attributes.queryParams['type']) widget&quot;
  }]"/>
		<choice doc:name="Choice" doc:id="10ece51d-458c-4158-a63f-694700d07393" >			
			<when expression="#[lower(attributes.queryParams['type']) == &quot;square&quot;]">
				<set-payload value='[{
	"number":"12345",
	"type":"square",
	"price":"5.00"
}]' doc:name="Set Order Payload" doc:id="0f193e17-ffd3-409e-89e5-b0b6d0649619" mimeType="application/json"/>
			</when>
			<when expression="#[lower(attributes.queryParams['type']) == &quot;circle&quot;]" >
				<raise-error doc:name="Throw custom error" type="ORDER:INVALID_TYPE" description="#['Error finding widget of type $(attributes.queryParams['type']).']"/>
			</when>
			<otherwise>
				<set-variable value="204" doc:name="Set Status Not Found (204)" doc:id="269f703a-9a93-44fb-befd-7b9d8a0247cd" variableName="httpStatus"/>
				<set-payload value="#[null]" doc:name="Set Null Payload" doc:id="ae9a22bf-ceeb-4266-b300-3c894e817233" />
			</otherwise>
		</choice>
	</sub-flow>
</mule>
